{"cameraMode":{"drawMode":0,"name":"Shaded","section":"Shading Mode"},"sceneLighting":false,"audioPlay":false,"sceneViewState":{"showFog":true,"showMaterialUpdate":false,"showSkybox":true,"showFlares":true,"showImageEffects":true,"showParticleSystems":true},"in2DMode":false,"pivot":{"x":-494.5068359375,"y":37.47154235839844,"z":289.9510498046875},"rotation":{"x":0.22995056211948396,"y":-0.46969330310821535,"z":0.1281723976135254,"w":0.8426641225814819},"size":71.73590850830078,"orthographic":false}