{"cameraMode":{"drawMode":0,"name":"Shaded","section":"Shading Mode"},"sceneLighting":false,"audioPlay":false,"sceneViewState":{"showFog":true,"showMaterialUpdate":false,"showSkybox":true,"showFlares":true,"showImageEffects":true,"showParticleSystems":true},"in2DMode":false,"pivot":{"x":165.89523315429688,"y":9.485442161560059,"z":-1250.976806640625},"rotation":{"x":0.2674280107021332,"y":-0.10525167733430863,"z":0.029398493468761445,"w":0.9573610424995422},"size":96.83797454833985,"orthographic":false}