{"cameraMode":{"drawMode":0,"name":"Shaded","section":"Shading Mode"},"sceneLighting":false,"audioPlay":false,"sceneViewState":{"showFog":true,"showMaterialUpdate":false,"showSkybox":true,"showFlares":true,"showImageEffects":true,"showParticleSystems":true},"in2DMode":false,"pivot":{"x":0.27502870559692385,"y":1.4036649465560914,"z":0.5180988311767578},"rotation":{"x":0.03773872181773186,"y":-0.47459712624549868,"z":0.020367806777358056,"w":0.8791578412055969},"size":2.819547176361084,"orthographic":false}