{"cameraMode":{"drawMode":0,"name":"Shaded","section":"Shading Mode"},"sceneLighting":false,"audioPlay":false,"sceneViewState":{"showFog":true,"showMaterialUpdate":false,"showSkybox":true,"showFlares":true,"showImageEffects":true,"showParticleSystems":true},"in2DMode":false,"pivot":{"x":0.012930989265441895,"y":0.09891071915626526,"z":-0.026602566242218019},"rotation":{"x":-0.0126007916405797,"y":-0.015000476501882077,"z":-0.00019332006922923028,"w":0.999808132648468},"size":3.342863082885742,"orthographic":false}