{"cameraMode":{"drawMode":0,"name":"Shaded","section":"Shading Mode"},"sceneLighting":false,"audioPlay":false,"sceneViewState":{"showFog":true,"showMaterialUpdate":false,"showSkybox":true,"showFlares":true,"showImageEffects":true,"showParticleSystems":true},"in2DMode":false,"pivot":{"x":-0.1150209903717041,"y":-0.14521336555480958,"z":-0.15901684761047364},"rotation":{"x":0.3236498534679413,"y":-0.42159709334373476,"z":0.16419588029384614,"w":0.830991268157959},"size":11.89760684967041,"orthographic":false}