{"cameraMode":{"drawMode":0,"name":"Shaded","section":"Shading Mode"},"sceneLighting":true,"audioPlay":false,"sceneViewState":{"showFog":true,"showMaterialUpdate":false,"showSkybox":true,"showFlares":true,"showImageEffects":true,"showParticleSystems":true},"in2DMode":false,"pivot":{"x":160.2555694580078,"y":-6.841655731201172,"z":82.18386840820313},"rotation":{"x":0.14109373092651368,"y":0.8255789279937744,"z":-0.2365061491727829,"w":0.4925207793712616},"size":76.07666778564453,"orthographic":false}