{"cameraMode":{"drawMode":0,"name":"Shaded","section":"Shading Mode"},"sceneLighting":false,"audioPlay":false,"sceneViewState":{"showFog":true,"showMaterialUpdate":false,"showSkybox":true,"showFlares":true,"showImageEffects":true,"showParticleSystems":true},"in2DMode":false,"pivot":{"x":113.42855072021485,"y":-36.80247497558594,"z":181.80125427246095},"rotation":{"x":0.27280494570732119,"y":-0.06200001388788223,"z":0.017620554193854333,"w":0.9599078297615051},"size":154.12445068359376,"orthographic":false}