{"cameraMode":{"drawMode":0,"name":"Shaded","section":"Shading Mode"},"sceneLighting":false,"audioPlay":false,"sceneViewState":{"showFog":true,"showMaterialUpdate":false,"showSkybox":true,"showFlares":true,"showImageEffects":true,"showParticleSystems":true},"in2DMode":false,"pivot":{"x":-0.11543166637420654,"y":0.22501468658447267,"z":-0.10834628343582154},"rotation":{"x":-0.0126007916405797,"y":-0.015000476501882077,"z":-0.00019332006922923028,"w":0.999808132648468},"size":5.182638168334961,"orthographic":false}