{"cameraMode":{"drawMode":0,"name":"Shaded","section":"Shading Mode"},"sceneLighting":false,"audioPlay":false,"sceneViewState":{"showFog":true,"showMaterialUpdate":false,"showSkybox":true,"showFlares":true,"showImageEffects":true,"showParticleSystems":true},"in2DMode":false,"pivot":{"x":1.4736056327819825,"y":0.2305588722229004,"z":0.46289491653442385},"rotation":{"x":-0.6178786754608154,"y":-0.22027897834777833,"z":0.18606695532798768,"w":-0.7314931750297546},"size":3.0964415073394777,"orthographic":false}