{"cameraMode":{"drawMode":0,"name":"Shaded","section":"Shading Mode"},"sceneLighting":false,"audioPlay":false,"sceneViewState":{"showFog":true,"showMaterialUpdate":false,"showSkybox":true,"showFlares":true,"showImageEffects":true,"showParticleSystems":true},"in2DMode":false,"pivot":{"x":0.0,"y":2.917572021484375,"z":-0.000015556812286376953},"rotation":{"x":0.15313735604286195,"y":0.7033358812332153,"z":-0.1594211459159851,"w":0.6756126880645752},"size":10.554862022399903,"orthographic":false}