{"cameraMode":{"drawMode":0,"name":"Shaded","section":"Shading Mode"},"sceneLighting":false,"audioPlay":false,"sceneViewState":{"showFog":true,"showMaterialUpdate":false,"showSkybox":true,"showFlares":true,"showImageEffects":true,"showParticleSystems":true},"in2DMode":false,"pivot":{"x":0.32419514656066897,"y":0.9419040083885193,"z":-0.06378769874572754},"rotation":{"x":-0.030494118109345437,"y":0.0823657289147377,"z":0.002517141168937087,"w":0.9961323738098145},"size":3.5027928352355959,"orthographic":false}