{"cameraMode":{"drawMode":0,"name":"Shaded","section":"Shading Mode"},"sceneLighting":false,"audioPlay":false,"sceneViewState":{"showFog":true,"showMaterialUpdate":false,"showSkybox":true,"showFlares":true,"showImageEffects":true,"showParticleSystems":true},"in2DMode":false,"pivot":{"x":-2.8189334869384767,"y":0.959869384765625,"z":-6.453161239624023},"rotation":{"x":0.07582977414131165,"y":0.8742147088050842,"z":-0.14503048360347749,"w":0.45712655782699587},"size":18.533056259155275,"orthographic":false}