{"cameraMode":{"drawMode":0,"name":"Shaded","section":"Shading Mode"},"sceneLighting":false,"audioPlay":false,"sceneViewState":{"showFog":true,"showMaterialUpdate":false,"showSkybox":true,"showFlares":true,"showImageEffects":true,"showParticleSystems":true},"in2DMode":false,"pivot":{"x":-0.6358871459960938,"y":0.8236846923828125,"z":0.3092085123062134},"rotation":{"x":0.01596919633448124,"y":-0.9472486972808838,"z":0.04777805134654045,"w":0.31651586294174197},"size":18.52438735961914,"orthographic":false}