{"cameraMode":{"drawMode":0,"name":"Shaded","section":"Shading Mode"},"sceneLighting":false,"audioPlay":false,"sceneViewState":{"showFog":true,"showMaterialUpdate":false,"showSkybox":true,"showFlares":true,"showImageEffects":true,"showParticleSystems":true},"in2DMode":false,"pivot":{"x":-18.42598533630371,"y":58.8758659362793,"z":943.1900024414063},"rotation":{"x":0.15696413815021516,"y":-0.0976010411977768,"z":0.015590420924127102,"w":0.982646107673645},"size":8.188512802124024,"orthographic":false}