{"cameraMode":{"drawMode":0,"name":"Shaded","section":"Shading Mode"},"sceneLighting":false,"audioPlay":false,"sceneViewState":{"showFog":true,"showMaterialUpdate":false,"showSkybox":true,"showFlares":true,"showImageEffects":true,"showParticleSystems":true},"in2DMode":false,"pivot":{"x":0.019615784287452699,"y":0.1147414892911911,"z":-0.008720234036445618},"rotation":{"x":0.1207261011004448,"y":0.37006762623786929,"z":-0.04856983199715614,"w":0.9198457598686218},"size":0.48340100049972536,"orthographic":false}