{"cameraMode":{"drawMode":0,"name":"Shaded","section":"Shading Mode"},"sceneLighting":false,"audioPlay":false,"sceneViewState":{"showFog":true,"showMaterialUpdate":false,"showSkybox":true,"showFlares":true,"showImageEffects":true,"showParticleSystems":true},"in2DMode":false,"pivot":{"x":0.011352062225341797,"y":1.2039645910263062,"z":-0.09755384922027588},"rotation":{"x":-0.0126007916405797,"y":-0.015000476501882077,"z":-0.00019332006922923028,"w":0.999808132648468},"size":14.224686622619629,"orthographic":false}