{"cameraMode":{"drawMode":0,"name":"Shaded","section":"Shading Mode"},"sceneLighting":true,"audioPlay":false,"sceneViewState":{"showFog":true,"showMaterialUpdate":false,"showSkybox":true,"showFlares":true,"showImageEffects":true,"showParticleSystems":true},"in2DMode":false,"pivot":{"x":42.71923828125,"y":2.510009765625,"z":26.771484375},"rotation":{"x":0.16666266322135926,"y":-0.07977215945720673,"z":0.013529101386666298,"w":0.9826886057853699},"size":4.794288158416748,"orthographic":true}