{"cameraMode":{"drawMode":0,"name":"Shaded","section":"Shading Mode"},"sceneLighting":true,"audioPlay":false,"sceneViewState":{"showFog":true,"showMaterialUpdate":false,"showSkybox":true,"showFlares":true,"showImageEffects":true,"showParticleSystems":true},"in2DMode":false,"pivot":{"x":-169.60655212402345,"y":183.56356811523438,"z":394.9956970214844},"rotation":{"x":0.19941934943199159,"y":-0.04701559245586395,"z":0.00957949087023735,"w":0.9787388443946838},"size":948.97802734375,"orthographic":false}
