{"cameraMode":{"drawMode":0,"name":"Shaded","section":"Shading Mode"},"sceneLighting":false,"audioPlay":false,"sceneViewState":{"showFog":true,"showMaterialUpdate":false,"showSkybox":true,"showFlares":true,"showImageEffects":true,"showParticleSystems":true},"in2DMode":false,"pivot":{"x":0.0,"y":-0.9341349601745606,"z":-0.6740139126777649},"rotation":{"x":0.15696413815021516,"y":-0.0976010411977768,"z":0.015590420924127102,"w":0.982646107673645},"size":8.188509941101075,"orthographic":false}