{"cameraMode":{"drawMode":0,"name":"Shaded","section":"Shading Mode"},"sceneLighting":false,"audioPlay":false,"sceneViewState":{"showFog":true,"showMaterialUpdate":false,"showSkybox":true,"showFlares":true,"showImageEffects":true,"showParticleSystems":true},"in2DMode":false,"pivot":{"x":1.1471929550170899,"y":3.679231643676758,"z":0.8964676856994629},"rotation":{"x":-0.022907285019755365,"y":-0.9282550811767578,"z":0.05799711123108864,"w":-0.3666797876358032},"size":7.879848957061768,"orthographic":false}