{"cameraMode":{"drawMode":0,"name":"Shaded","section":"Shading Mode"},"sceneLighting":false,"audioPlay":false,"sceneViewState":{"showFog":true,"showMaterialUpdate":false,"showSkybox":true,"showFlares":true,"showImageEffects":true,"showParticleSystems":true},"in2DMode":false,"pivot":{"x":-3880.0,"y":9.485442161560059,"z":-1250.976806640625},"rotation":{"x":0.22279706597328187,"y":-0.3743150234222412,"z":0.09314575791358948,"w":0.895306408405304},"size":79.23082733154297,"orthographic":false}