{"cameraMode":{"drawMode":0,"name":"Shaded","section":"Shading Mode"},"sceneLighting":false,"audioPlay":false,"sceneViewState":{"showFog":true,"showMaterialUpdate":false,"showSkybox":true,"showFlares":true,"showImageEffects":true,"showParticleSystems":true},"in2DMode":false,"pivot":{"x":0.017272233963012697,"y":2.0941386222839357,"z":-0.0008177757263183594},"rotation":{"x":0.1591452956199646,"y":0.029610425233840944,"z":-0.004779530689120293,"w":0.9867994785308838},"size":9.443115234375,"orthographic":false}