{"cameraMode":{"drawMode":0,"name":"Shaded","section":"Shading Mode"},"sceneLighting":false,"audioPlay":false,"sceneViewState":{"showFog":true,"showMaterialUpdate":false,"showSkybox":true,"showFlares":true,"showImageEffects":true,"showParticleSystems":true},"in2DMode":false,"pivot":{"x":-0.35852837562561037,"y":0.8976669311523438,"z":0.27245521545410159},"rotation":{"x":0.08679723739624024,"y":0.4396347999572754,"z":-0.04273344948887825,"w":0.8929508924484253},"size":13.807249069213868,"orthographic":false}