{"cameraMode":{"drawMode":0,"name":"Shaded","section":"Shading Mode"},"sceneLighting":false,"audioPlay":false,"sceneViewState":{"showFog":true,"showMaterialUpdate":false,"showSkybox":true,"showFlares":true,"showImageEffects":true,"showParticleSystems":true},"in2DMode":false,"pivot":{"x":0.25999999046325686,"y":1.4000000953674317,"z":-0.019999995827674867},"rotation":{"x":0.06644745171070099,"y":-0.2660968005657196,"z":0.018389878794550897,"w":0.9614775776863098},"size":17.769758224487306,"orthographic":false}