{"cameraMode":{"drawMode":0,"name":"Shaded","section":"Shading Mode"},"sceneLighting":false,"audioPlay":false,"sceneViewState":{"showFog":true,"showMaterialUpdate":false,"showSkybox":true,"showFlares":true,"showImageEffects":true,"showParticleSystems":true},"in2DMode":false,"pivot":{"x":-111.30000305175781,"y":35.79999923706055,"z":404.79998779296877},"rotation":{"x":0.14174091815948487,"y":-0.49317407608032229,"z":0.08181547373533249,"w":0.8543974757194519},"size":41.008846282958987,"orthographic":false}