{"cameraMode":{"drawMode":0,"name":"Shaded","section":"Shading Mode"},"sceneLighting":false,"audioPlay":false,"sceneViewState":{"showFog":true,"showMaterialUpdate":false,"showSkybox":true,"showFlares":true,"showImageEffects":true,"showParticleSystems":true},"in2DMode":false,"pivot":{"x":0.16357922554016114,"y":0.04827463626861572,"z":0.15328562259674073},"rotation":{"x":-0.052976127713918689,"y":0.476009339094162,"z":-0.02874176949262619,"w":-0.8773725628852844},"size":6.180832386016846,"orthographic":false}