{"cameraMode":{"drawMode":0,"name":"Shaded","section":"Shading Mode"},"sceneLighting":false,"audioPlay":false,"sceneViewState":{"showFog":true,"showMaterialUpdate":false,"showSkybox":true,"showFlares":true,"showImageEffects":true,"showParticleSystems":true},"in2DMode":false,"pivot":{"x":0.012930989265441895,"y":0.09891071915626526,"z":-0.026602566242218019},"rotation":{"x":0.1207261011004448,"y":0.37006762623786929,"z":-0.04856983199715614,"w":0.9198457598686218},"size":3.342863082885742,"orthographic":false}