{"cameraMode":{"drawMode":0,"name":"Shaded","section":"Shading Mode"},"sceneLighting":false,"audioPlay":false,"sceneViewState":{"showFog":true,"showMaterialUpdate":false,"showSkybox":true,"showFlares":true,"showImageEffects":true,"showParticleSystems":true},"in2DMode":false,"pivot":{"x":2367.053955078125,"y":39.19784927368164,"z":2706.703125},"rotation":{"x":0.11114343255758286,"y":-0.5249257683753967,"z":0.06937219202518463,"w":0.841003954410553},"size":52.61078643798828,"orthographic":false}