{"cameraMode":{"drawMode":0,"name":"Shaded","section":"Shading Mode"},"sceneLighting":false,"audioPlay":false,"sceneViewState":{"showFog":true,"showMaterialUpdate":false,"showSkybox":true,"showFlares":true,"showImageEffects":true,"showParticleSystems":true},"in2DMode":false,"pivot":{"x":0.22415518760681153,"y":-1.2337746620178223,"z":-0.002989053726196289},"rotation":{"x":-0.4534890651702881,"y":-0.2353578805923462,"z":0.12550754845142365,"w":-0.8504129648208618},"size":7.525278568267822,"orthographic":false}