{"cameraMode":{"drawMode":0,"name":"Shaded","section":"Shading Mode"},"sceneLighting":false,"audioPlay":false,"sceneViewState":{"showFog":true,"showMaterialUpdate":false,"showSkybox":true,"showFlares":true,"showImageEffects":true,"showParticleSystems":true},"in2DMode":false,"pivot":{"x":-513.285400390625,"y":-9.737391471862793,"z":3634.927734375},"rotation":{"x":0.00866183452308178,"y":0.9501480460166931,"z":-0.310549795627594,"w":0.02650422416627407},"size":77.5890884399414,"orthographic":false}