{"cameraMode":{"drawMode":0,"name":"Shaded","section":"Shading Mode"},"sceneLighting":false,"audioPlay":false,"sceneViewState":{"showFog":true,"showMaterialUpdate":false,"showSkybox":true,"showFlares":true,"showImageEffects":true,"showParticleSystems":true},"in2DMode":false,"pivot":{"x":98.1280288696289,"y":0.7306523323059082,"z":91.69448852539063},"rotation":{"x":0.021536555141210557,"y":-0.95204097032547,"z":0.06896193325519562,"w":0.2973186671733856},"size":4.176556587219238,"orthographic":false}