{"cameraMode":{"drawMode":0,"name":"Shaded","section":"Shading Mode"},"sceneLighting":false,"audioPlay":false,"sceneViewState":{"showFog":true,"showMaterialUpdate":false,"showSkybox":true,"showFlares":true,"showImageEffects":true,"showParticleSystems":true},"in2DMode":false,"pivot":{"x":-0.04221081733703613,"y":0.20042285323143006,"z":0.06846284866333008},"rotation":{"x":-0.7316318154335022,"y":-0.08978839218616486,"z":0.09825771301984787,"w":-0.6685793399810791},"size":8.00582218170166,"orthographic":true}