{"cameraMode":{"drawMode":0,"name":"Shaded","section":"Shading Mode"},"sceneLighting":false,"audioPlay":false,"sceneViewState":{"showFog":true,"showMaterialUpdate":false,"showSkybox":true,"showFlares":true,"showImageEffects":true,"showParticleSystems":true},"in2DMode":false,"pivot":{"x":0.27734375,"y":3.535753011703491,"z":-1.1155900955200196},"rotation":{"x":0.020405560731887819,"y":0.2358965277671814,"z":0.004954676143825054,"w":-0.9715513586997986},"size":7.640633583068848,"orthographic":true}