{"cameraMode":{"drawMode":0,"name":"Shaded","section":"Shading Mode"},"sceneLighting":false,"audioPlay":false,"sceneViewState":{"showFog":true,"showMaterialUpdate":false,"showSkybox":true,"showFlares":true,"showImageEffects":true,"showParticleSystems":true},"in2DMode":false,"pivot":{"x":-0.1891855001449585,"y":0.20409181714057923,"z":0.11967206001281738},"rotation":{"x":-0.16068074107170106,"y":0.014804480597376824,"z":-0.00241031008772552,"w":-0.9868924617767334},"size":1.2155272960662842,"orthographic":false}