{"cameraMode":{"drawMode":0,"name":"Shaded","section":"Shading Mode"},"sceneLighting":false,"audioPlay":false,"sceneViewState":{"showFog":true,"showMaterialUpdate":false,"showSkybox":true,"showFlares":true,"showImageEffects":true,"showParticleSystems":true},"in2DMode":false,"pivot":{"x":2399.4033203125,"y":3.252429962158203,"z":1150.64453125},"rotation":{"x":0.2674280107021332,"y":-0.10525167733430863,"z":0.029398493468761445,"w":0.9573610424995422},"size":112.99808502197266,"orthographic":false}