{"cameraMode":{"drawMode":0,"name":"Shaded","section":"Shading Mode"},"sceneLighting":false,"audioPlay":false,"sceneViewState":{"showFog":true,"showMaterialUpdate":false,"showSkybox":true,"showFlares":true,"showImageEffects":true,"showParticleSystems":true},"in2DMode":false,"pivot":{"x":0.75,"y":0.007455110549926758,"z":-0.2593514919281006},"rotation":{"x":0.07577203959226608,"y":0.0373833067715168,"z":-0.0028425841592252256,"w":0.99642014503479},"size":5.330257415771484,"orthographic":true}