{"cameraMode":{"drawMode":0,"name":"Shaded","section":"Shading Mode"},"sceneLighting":false,"audioPlay":false,"sceneViewState":{"showFog":true,"showMaterialUpdate":false,"showSkybox":true,"showFlares":true,"showImageEffects":true,"showParticleSystems":true},"in2DMode":false,"pivot":{"x":-1.975297451019287,"y":2.9616756439208986,"z":8.377558708190918},"rotation":{"x":0.09974732995033264,"y":-0.30527228116989138,"z":0.032171912491321567,"w":0.9464799761772156},"size":14.937323570251465,"orthographic":false}