{"cameraMode":{"drawMode":0,"name":"Shaded","section":"Shading Mode"},"sceneLighting":false,"audioPlay":false,"sceneViewState":{"showFog":true,"showMaterialUpdate":false,"showSkybox":true,"showFlares":true,"showImageEffects":true,"showParticleSystems":true},"in2DMode":false,"pivot":{"x":-0.22868159413337708,"y":1.2739887237548829,"z":2.384185791015625e-7},"rotation":{"x":0.09424007683992386,"y":0.050151851028203967,"z":-0.004753745160996914,"w":0.9942741394042969},"size":10.4722261428833,"orthographic":false}