{"cameraMode":{"drawMode":0,"name":"Shaded","section":"Shading Mode"},"sceneLighting":false,"audioPlay":false,"sceneViewState":{"showFog":true,"showMaterialUpdate":false,"showSkybox":true,"showFlares":true,"showImageEffects":true,"showParticleSystems":true},"in2DMode":false,"pivot":{"x":0.09541916847229004,"y":1.0706433057785035,"z":-0.0350874662399292},"rotation":{"x":0.049347009509801868,"y":-0.3079774081707001,"z":0.015993621200323106,"w":0.9499784708023071},"size":4.619547367095947,"orthographic":false}