{"cameraMode":{"drawMode":0,"name":"Shaded","section":"Shading Mode"},"sceneLighting":false,"audioPlay":false,"sceneViewState":{"showFog":true,"showMaterialUpdate":false,"showSkybox":true,"showFlares":true,"showImageEffects":true,"showParticleSystems":true},"in2DMode":false,"pivot":{"x":0.001312255859375,"y":0.417360782623291,"z":0.0003516674041748047},"rotation":{"x":-0.0126007916405797,"y":-0.015000476501882077,"z":-0.00019332006922923028,"w":0.999808132648468},"size":24.436172485351564,"orthographic":false}