{"cameraMode":{"drawMode":0,"name":"Shaded","section":"Shading Mode"},"sceneLighting":true,"audioPlay":false,"sceneViewState":{"showFog":true,"showMaterialUpdate":false,"showSkybox":true,"showFlares":true,"showImageEffects":true,"showParticleSystems":true},"in2DMode":false,"pivot":{"x":-395.5043640136719,"y":15.591651916503907,"z":338.693359375},"rotation":{"x":0.1356269121170044,"y":-0.17790205776691438,"z":0.024763615801930429,"w":0.9743423461914063},"size":3.447174310684204,"orthographic":false}