{"cameraMode":{"drawMode":0,"name":"Shaded","section":"Shading Mode"},"sceneLighting":false,"audioPlay":false,"sceneViewState":{"showFog":true,"showMaterialUpdate":false,"showSkybox":true,"showFlares":true,"showImageEffects":true,"showParticleSystems":true},"in2DMode":false,"pivot":{"x":0.11000001430511475,"y":-0.15999984741210938,"z":-0.12000000476837158},"rotation":{"x":0.06644745171070099,"y":-0.2660968005657196,"z":0.018389878794550897,"w":0.9614775776863098},"size":20.450885772705079,"orthographic":false}