{"cameraMode":{"drawMode":0,"name":"Shaded","section":"Shading Mode"},"sceneLighting":false,"audioPlay":false,"sceneViewState":{"showFog":true,"showMaterialUpdate":false,"showSkybox":true,"showFlares":true,"showImageEffects":true,"showParticleSystems":true},"in2DMode":false,"pivot":{"x":128.00112915039063,"y":42.62439727783203,"z":-2509.80029296875},"rotation":{"x":0.2674280107021332,"y":-0.10525167733430863,"z":0.029398493468761445,"w":0.9573610424995422},"size":265.62744140625,"orthographic":false}