{"cameraMode":{"drawMode":0,"name":"Shaded","section":"Shading Mode"},"sceneLighting":false,"audioPlay":false,"sceneViewState":{"showFog":true,"showMaterialUpdate":false,"showSkybox":true,"showFlares":true,"showImageEffects":true,"showParticleSystems":true},"in2DMode":false,"pivot":{"x":0.0,"y":6.470181941986084,"z":0.25126606225967409},"rotation":{"x":0.16078302264213563,"y":-0.0783766582608223,"z":0.01280921045690775,"w":0.9837895631790161},"size":3.6789114475250246,"orthographic":false}