{"cameraMode":{"drawMode":0,"name":"Shaded","section":"Shading Mode"},"sceneLighting":true,"audioPlay":false,"sceneViewState":{"showFog":true,"showMaterialUpdate":false,"showSkybox":true,"showFlares":true,"showImageEffects":true,"showParticleSystems":true},"in2DMode":false,"pivot":{"x":509.685546875,"y":-115.57217407226563,"z":701.6131591796875},"rotation":{"x":0.2886394262313843,"y":0.003957792185246944,"z":-0.0011842941166833044,"w":0.9574289321899414},"size":755.6168212890625,"orthographic":false}