{"cameraMode":{"drawMode":0,"name":"Shaded","section":"Shading Mode"},"sceneLighting":false,"audioPlay":false,"sceneViewState":{"showFog":true,"showMaterialUpdate":false,"showSkybox":true,"showFlares":true,"showImageEffects":true,"showParticleSystems":true},"in2DMode":false,"pivot":{"x":0.5356347560882568,"y":5.696371078491211,"z":-0.07406026124954224},"rotation":{"x":-0.06571386009454727,"y":-0.7144312262535095,"z":0.067715585231781,"w":-0.6933140158653259},"size":3.7212016582489015,"orthographic":false}