{"cameraMode":{"drawMode":0,"name":"Shaded","section":"Shading Mode"},"sceneLighting":false,"audioPlay":false,"sceneViewState":{"showFog":true,"showMaterialUpdate":false,"showSkybox":true,"showFlares":true,"showImageEffects":true,"showParticleSystems":true},"in2DMode":false,"pivot":{"x":0.0,"y":0.2846960425376892,"z":2.9802322387695315e-8},"rotation":{"x":-0.47040098905563357,"y":0.021175086498260499,"z":-0.01129169762134552,"w":-0.8821263909339905},"size":1.2999128103256226,"orthographic":false}