{"cameraMode":{"drawMode":0,"name":"Shaded","section":"Shading Mode"},"sceneLighting":false,"audioPlay":false,"sceneViewState":{"showFog":true,"showMaterialUpdate":false,"showSkybox":true,"showFlares":true,"showImageEffects":true,"showParticleSystems":true},"in2DMode":false,"pivot":{"x":-499.0,"y":1.7536983489990235,"z":194.33978271484376},"rotation":{"x":0.16078302264213563,"y":-0.0783766582608223,"z":0.01280921045690775,"w":0.9837895631790161},"size":23.642215728759767,"orthographic":false}