{"cameraMode":{"drawMode":0,"name":"Shaded","section":"Shading Mode"},"sceneLighting":false,"audioPlay":false,"sceneViewState":{"showFog":true,"showMaterialUpdate":false,"showSkybox":true,"showFlares":true,"showImageEffects":true,"showParticleSystems":true},"in2DMode":false,"pivot":{"x":359.0,"y":26.45586395263672,"z":413.32598876953127},"rotation":{"x":-0.47040098905563357,"y":0.021175086498260499,"z":-0.01129169762134552,"w":-0.8821263909339905},"size":8.188505172729493,"orthographic":false}