{"cameraMode":{"drawMode":0,"name":"Shaded","section":"Shading Mode"},"sceneLighting":false,"audioPlay":false,"sceneViewState":{"showFog":true,"showMaterialUpdate":false,"showSkybox":true,"showFlares":true,"showImageEffects":true,"showParticleSystems":true},"in2DMode":false,"pivot":{"x":0.0,"y":0.21768561005592347,"z":8.940696716308594e-8},"rotation":{"x":-0.32216668128967287,"y":0.1733231544494629,"z":-0.06012342870235443,"w":-0.928737223148346},"size":1.2155272960662842,"orthographic":false}