{"cameraMode":{"drawMode":0,"name":"Shaded","section":"Shading Mode"},"sceneLighting":false,"audioPlay":false,"sceneViewState":{"showFog":true,"showMaterialUpdate":false,"showSkybox":true,"showFlares":true,"showImageEffects":true,"showParticleSystems":true},"in2DMode":false,"pivot":{"x":0.6467971801757813,"y":5.460718631744385,"z":-1.585566759109497},"rotation":{"x":-0.033759839832782748,"y":-0.9662312269210815,"z":0.18271911144256593,"w":-0.17852556705474854},"size":8.329543113708496,"orthographic":false}