{"cameraMode":{"drawMode":0,"name":"Shaded","section":"Shading Mode"},"sceneLighting":false,"audioPlay":false,"sceneViewState":{"showFog":true,"showMaterialUpdate":false,"showSkybox":true,"showFlares":true,"showImageEffects":true,"showParticleSystems":true},"in2DMode":false,"pivot":{"x":0.012930989265441895,"y":-0.9010893106460571,"z":-0.026602566242218019},"rotation":{"x":-0.06119075044989586,"y":0.1364073008298874,"z":-0.00844204518944025,"w":-0.9887251853942871},"size":31.869773864746095,"orthographic":false}