{"cameraMode":{"drawMode":0,"name":"Shaded","section":"Shading Mode"},"sceneLighting":false,"audioPlay":false,"sceneViewState":{"showFog":true,"showMaterialUpdate":false,"showSkybox":true,"showFlares":true,"showImageEffects":true,"showParticleSystems":true},"in2DMode":false,"pivot":{"x":0.019615784287452699,"y":0.1147414892911911,"z":-0.008720234036445618},"rotation":{"x":-0.06119075044989586,"y":0.1364073008298874,"z":-0.00844204518944025,"w":-0.9887251853942871},"size":6.601365566253662,"orthographic":false}