{"cameraMode":{"drawMode":0,"name":"Shaded","section":"Shading Mode"},"sceneLighting":false,"audioPlay":false,"sceneViewState":{"showFog":false,"showMaterialUpdate":false,"showSkybox":false,"showFlares":false,"showImageEffects":false,"showParticleSystems":false},"in2DMode":false,"pivot":{"x":-0.6240510940551758,"y":1.9548077583312989,"z":-1.238612174987793},"rotation":{"x":-0.06232094764709473,"y":-0.03383743017911911,"z":0.002120136981830001,"w":-0.9974801540374756},"size":31.295516967773439,"orthographic":false}