{"cameraMode":{"drawMode":0,"name":"Shaded","section":"Shading Mode"},"sceneLighting":true,"audioPlay":false,"sceneViewState":{"showFog":false,"showMaterialUpdate":false,"showSkybox":false,"showFlares":false,"showImageEffects":false,"showParticleSystems":false},"in2DMode":false,"pivot":{"x":57.38787841796875,"y":169.2227325439453,"z":6.793304443359375},"rotation":{"x":-0.01970224268734455,"y":-0.5219321846961975,"z":-0.012059833854436875,"w":0.852674126625061},"size":457.23822021484377,"orthographic":false}