{"cameraMode":{"drawMode":0,"name":"Shaded","section":"Shading Mode"},"sceneLighting":true,"audioPlay":false,"sceneViewState":{"showFog":false,"showMaterialUpdate":false,"showSkybox":false,"showFlares":false,"showImageEffects":false,"showParticleSystems":false},"in2DMode":false,"pivot":{"x":89.7351303100586,"y":-6.813312530517578,"z":137.03466796875},"rotation":{"x":0.06061569228768349,"y":-0.9305657148361206,"z":0.18031586706638337,"w":0.31282490491867068},"size":158.68850708007813,"orthographic":false}