{"cameraMode":{"drawMode":0,"name":"Shaded","section":"Shading Mode"},"sceneLighting":false,"audioPlay":false,"sceneViewState":{"showFog":false,"showMaterialUpdate":false,"showSkybox":false,"showFlares":false,"showImageEffects":false,"showParticleSystems":false},"in2DMode":false,"pivot":{"x":2.200976848602295,"y":0.6336116790771484,"z":0.8917267322540283},"rotation":{"x":-0.43430742621421816,"y":0.020797880366444589,"z":-0.010024487040936947,"w":-0.9004687666893005},"size":4.961466312408447,"orthographic":false}