{"cameraMode":{"drawMode":0,"name":"Shaded","section":"Shading Mode"},"sceneLighting":false,"audioPlay":false,"sceneViewState":{"showFog":true,"showMaterialUpdate":false,"showSkybox":true,"showFlares":true,"showImageEffects":true,"showParticleSystems":true},"in2DMode":false,"pivot":{"x":97.8094711303711,"y":1.0271632671356202,"z":91.80000305175781},"rotation":{"x":-0.21560458838939668,"y":0.7506831288337708,"z":-0.29366886615753176,"w":-0.5511335730552673},"size":4.271915435791016,"orthographic":false}