{"cameraMode":{"drawMode":0,"name":"Shaded","section":"Shading Mode"},"sceneLighting":true,"audioPlay":false,"sceneViewState":{"showFog":true,"showMaterialUpdate":false,"showSkybox":true,"showFlares":true,"showImageEffects":true,"showParticleSystems":true},"in2DMode":false,"pivot":{"x":0.42256808280944826,"y":0.6326103210449219,"z":1.6084637641906739},"rotation":{"x":-0.08430788666009903,"y":0.8480566740036011,"z":-0.14199700951576234,"w":-0.503516674041748},"size":20.005186080932618,"orthographic":false}