{"cameraMode":{"drawMode":0,"name":"Shaded","section":"Shading Mode"},"sceneLighting":false,"audioPlay":false,"sceneViewState":{"showFog":true,"showMaterialUpdate":false,"showSkybox":true,"showFlares":true,"showImageEffects":true,"showParticleSystems":true},"in2DMode":false,"pivot":{"x":2.630152702331543,"y":0.7922998666763306,"z":1.7264127731323243},"rotation":{"x":-0.0774020105600357,"y":0.2658698558807373,"z":-0.02142161875963211,"w":-0.9606577157974243},"size":9.272271156311036,"orthographic":false}