{"cameraMode":{"drawMode":0,"name":"Shaded","section":"Shading Mode"},"sceneLighting":false,"audioPlay":false,"sceneViewState":{"showFog":true,"showMaterialUpdate":false,"showSkybox":true,"showFlares":true,"showImageEffects":true,"showParticleSystems":true},"in2DMode":false,"pivot":{"x":-361.32110595703127,"y":-146.1400146484375,"z":-387.8552551269531},"rotation":{"x":-0.2982114255428314,"y":0.6960848569869995,"z":-0.4054223895072937,"w":-0.51202392578125},"size":933.3809814453125,"orthographic":false}