{"cameraMode":{"drawMode":0,"name":"Shaded","section":"Shading Mode"},"sceneLighting":false,"audioPlay":false,"sceneViewState":{"showFog":true,"showMaterialUpdate":false,"showSkybox":true,"showFlares":true,"showImageEffects":true,"showParticleSystems":true},"in2DMode":false,"pivot":{"x":0.3218660354614258,"y":-0.840670108795166,"z":0.48062825202941897},"rotation":{"x":0.17226944863796235,"y":0.57097327709198,"z":-0.12402266263961792,"w":0.7930518388748169},"size":13.443975448608399,"orthographic":false}