{"cameraMode":{"drawMode":0,"name":"Shaded","section":"Shading Mode"},"sceneLighting":false,"audioPlay":false,"sceneViewState":{"showFog":true,"showMaterialUpdate":false,"showSkybox":true,"showFlares":true,"showImageEffects":true,"showParticleSystems":true},"in2DMode":false,"pivot":{"x":358.619384765625,"y":28.0068359375,"z":414.23016357421877},"rotation":{"x":0.01158042810857296,"y":-0.8686742782592773,"z":0.02032889425754547,"w":0.4948310852050781},"size":1.7833950519561768,"orthographic":true}