{"cameraMode":{"drawMode":0,"name":"Shaded","section":"Shading Mode"},"sceneLighting":false,"audioPlay":false,"sceneViewState":{"showFog":true,"showMaterialUpdate":false,"showSkybox":true,"showFlares":true,"showImageEffects":true,"showParticleSystems":true},"in2DMode":false,"pivot":{"x":-0.6865078210830689,"y":-0.19992735981941224,"z":0.06055718660354614},"rotation":{"x":-0.03138883784413338,"y":0.7015293836593628,"z":0.03095904551446438,"w":0.7112754583358765},"size":1.0239449739456177,"orthographic":true}