{"cameraMode":{"drawMode":0,"name":"Shaded","section":"Shading Mode"},"sceneLighting":false,"audioPlay":false,"sceneViewState":{"showFog":true,"showMaterialUpdate":false,"showSkybox":true,"showFlares":true,"showImageEffects":true,"showParticleSystems":true},"in2DMode":false,"pivot":{"x":-19.28857421875,"y":59.897705078125,"z":943.179443359375},"rotation":{"x":0.17863312363624574,"y":0.33755841851234438,"z":-0.06540858000516892,"w":0.9218819737434387},"size":2.0032081604003908,"orthographic":true}