{"cameraMode":{"drawMode":0,"name":"Shaded","section":"Shading Mode"},"sceneLighting":false,"audioPlay":false,"sceneViewState":{"showFog":true,"showMaterialUpdate":false,"showSkybox":true,"showFlares":true,"showImageEffects":true,"showParticleSystems":true},"in2DMode":false,"pivot":{"x":-0.23306965827941895,"y":1.5600029230117798,"z":0.17711567878723145},"rotation":{"x":-0.02629534713923931,"y":0.5246453881263733,"z":-0.01621546410024166,"w":-0.8507601618766785},"size":9.830129623413086,"orthographic":false}