{"cameraMode":{"drawMode":0,"name":"Shaded","section":"Shading Mode"},"sceneLighting":false,"audioPlay":false,"sceneViewState":{"showFog":true,"showMaterialUpdate":false,"showSkybox":true,"showFlares":true,"showImageEffects":true,"showParticleSystems":true},"in2DMode":false,"pivot":{"x":0.17533016204833985,"y":4.578897476196289,"z":0.21773815155029298},"rotation":{"x":0.05753658339381218,"y":-0.942319393157959,"z":0.24111662805080415,"w":0.22491426765918733},"size":13.216821670532227,"orthographic":false}