{"cameraMode":{"drawMode":0,"name":"Shaded","section":"Shading Mode"},"sceneLighting":false,"audioPlay":false,"sceneViewState":{"showFog":true,"showMaterialUpdate":false,"showSkybox":true,"showFlares":true,"showImageEffects":true,"showParticleSystems":true},"in2DMode":false,"pivot":{"x":-111.30000305175781,"y":35.79999923706055,"z":404.79998779296877},"rotation":{"x":0.017510373145341874,"y":0.980311930179596,"z":-0.16808520257472993,"w":0.10212431102991104},"size":41.008846282958987,"orthographic":false}