{"cameraMode":{"drawMode":0,"name":"Shaded","section":"Shading Mode"},"sceneLighting":false,"audioPlay":false,"sceneViewState":{"showFog":true,"showMaterialUpdate":false,"showSkybox":true,"showFlares":true,"showImageEffects":true,"showParticleSystems":true},"in2DMode":false,"pivot":{"x":0.16357922554016114,"y":0.04827463626861572,"z":0.15328562259674073},"rotation":{"x":-0.23562990128993989,"y":0.17295846343040467,"z":-0.0426577590405941,"w":-0.9553765654563904},"size":6.180832386016846,"orthographic":false}