{"cameraMode":{"drawMode":0,"name":"Shaded","section":"Shading Mode"},"sceneLighting":false,"audioPlay":false,"sceneViewState":{"showFog":true,"showMaterialUpdate":false,"showSkybox":true,"showFlares":true,"showImageEffects":true,"showParticleSystems":true},"in2DMode":false,"pivot":{"x":55.013328552246097,"y":0.8600578904151917,"z":70.60822296142578},"rotation":{"x":-0.11622335016727448,"y":0.726006805896759,"z":-0.12672515213489533,"w":-0.66584312915802},"size":1.9416582584381104,"orthographic":false}