{"cameraMode":{"drawMode":0,"name":"Shaded","section":"Shading Mode"},"sceneLighting":false,"audioPlay":false,"sceneViewState":{"showFog":true,"showMaterialUpdate":false,"showSkybox":true,"showFlares":true,"showImageEffects":true,"showParticleSystems":true},"in2DMode":false,"pivot":{"x":0.0,"y":6.470181941986084,"z":0.25126606225967409},"rotation":{"x":-0.1144765093922615,"y":0.6694138646125794,"z":-0.10549646615982056,"w":-0.7263957262039185},"size":3.6789114475250246,"orthographic":false}