{"cameraMode":{"drawMode":0,"name":"Shaded","section":"Shading Mode"},"sceneLighting":false,"audioPlay":false,"sceneViewState":{"showFog":true,"showMaterialUpdate":false,"showSkybox":true,"showFlares":true,"showImageEffects":true,"showParticleSystems":true},"in2DMode":false,"pivot":{"x":-517.6177368164063,"y":51.73978042602539,"z":3614.25244140625},"rotation":{"x":0.15969686210155488,"y":0.21576912701129914,"z":-0.035791970789432529,"w":0.9626315832138062},"size":72.52703094482422,"orthographic":false}