{"cameraMode":{"drawMode":0,"name":"Shaded","section":"Shading Mode"},"sceneLighting":false,"audioPlay":false,"sceneViewState":{"showFog":true,"showMaterialUpdate":false,"showSkybox":true,"showFlares":true,"showImageEffects":true,"showParticleSystems":true},"in2DMode":false,"pivot":{"x":2.086162567138672e-7,"y":0.4482842683792114,"z":1.1920928955078126e-7},"rotation":{"x":-0.14878281950950623,"y":0.7198354601860046,"z":-0.1627158522605896,"w":-0.6581977009773254},"size":2.1874728202819826,"orthographic":false}