{"cameraMode":{"drawMode":0,"name":"Shaded","section":"Shading Mode"},"sceneLighting":false,"audioPlay":false,"sceneViewState":{"showFog":true,"showMaterialUpdate":false,"showSkybox":true,"showFlares":true,"showImageEffects":true,"showParticleSystems":true},"in2DMode":false,"pivot":{"x":137.54812622070313,"y":140.28643798828126,"z":-266.3458251953125},"rotation":{"x":-0.23562990128993989,"y":0.17295846343040467,"z":-0.0426577590405941,"w":-0.9553765654563904},"size":65.30069732666016,"orthographic":false}