{"cameraMode":{"drawMode":0,"name":"Shaded","section":"Shading Mode"},"sceneLighting":false,"audioPlay":false,"sceneViewState":{"showFog":true,"showMaterialUpdate":false,"showSkybox":true,"showFlares":true,"showImageEffects":true,"showParticleSystems":true},"in2DMode":false,"pivot":{"x":-21.88760757446289,"y":3.0546274185180666,"z":19.360666275024415},"rotation":{"x":0.017510373145341874,"y":0.980311930179596,"z":-0.16808520257472993,"w":0.10212431102991104},"size":34.3411750793457,"orthographic":false}