{"cameraMode":{"drawMode":0,"name":"Shaded","section":"Shading Mode"},"sceneLighting":false,"audioPlay":false,"sceneViewState":{"showFog":true,"showMaterialUpdate":false,"showSkybox":true,"showFlares":true,"showImageEffects":true,"showParticleSystems":true},"in2DMode":false,"pivot":{"x":0.012930989265441895,"y":0.09891071915626526,"z":-0.026602566242218019},"rotation":{"x":-0.14878281950950623,"y":0.7198354601860046,"z":-0.1627158522605896,"w":-0.6581977009773254},"size":3.342863082885742,"orthographic":false}