{"cameraMode":{"drawMode":0,"name":"Shaded","section":"Shading Mode"},"sceneLighting":false,"audioPlay":false,"sceneViewState":{"showFog":true,"showMaterialUpdate":false,"showSkybox":true,"showFlares":true,"showImageEffects":true,"showParticleSystems":true},"in2DMode":false,"pivot":{"x":60.93585205078125,"y":-103.07977294921875,"z":566.6412963867188},"rotation":{"x":0.14160996675491334,"y":0.5195778608322144,"z":-0.08779530227184296,"w":0.8380199670791626},"size":892.1151123046875,"orthographic":false}