{"cameraMode":{"drawMode":0,"name":"Shaded","section":"Shading Mode"},"sceneLighting":false,"audioPlay":false,"sceneViewState":{"showFog":true,"showMaterialUpdate":false,"showSkybox":true,"showFlares":true,"showImageEffects":true,"showParticleSystems":true},"in2DMode":false,"pivot":{"x":-0.14883339405059815,"y":0.6928563117980957,"z":0.17030131816864015},"rotation":{"x":-0.14878281950950623,"y":0.7198354601860046,"z":-0.1627158522605896,"w":-0.6581977009773254},"size":24.31038475036621,"orthographic":false}