{"cameraMode":{"drawMode":0,"name":"Shaded","section":"Shading Mode"},"sceneLighting":false,"audioPlay":false,"sceneViewState":{"showFog":true,"showMaterialUpdate":false,"showSkybox":true,"showFlares":true,"showImageEffects":true,"showParticleSystems":true},"in2DMode":false,"pivot":{"x":0.0,"y":0.2846960425376892,"z":2.9802322387695315e-8},"rotation":{"x":-0.14878281950950623,"y":0.7198354601860046,"z":-0.1627158522605896,"w":-0.6581977009773254},"size":1.2999128103256226,"orthographic":false}