{"cameraMode":{"drawMode":0,"name":"Shaded","section":"Shading Mode"},"sceneLighting":false,"audioPlay":false,"sceneViewState":{"showFog":true,"showMaterialUpdate":false,"showSkybox":true,"showFlares":true,"showImageEffects":true,"showParticleSystems":true},"in2DMode":false,"pivot":{"x":101.94793701171875,"y":1.1403584480285645,"z":244.72105407714845},"rotation":{"x":0.017510373145341874,"y":0.980311930179596,"z":-0.16808520257472993,"w":0.10212431102991104},"size":22.0,"orthographic":false}