{"cameraMode":{"drawMode":0,"name":"Shaded","section":"Shading Mode"},"sceneLighting":false,"audioPlay":false,"sceneViewState":{"showFog":true,"showMaterialUpdate":false,"showSkybox":true,"showFlares":true,"showImageEffects":true,"showParticleSystems":true},"in2DMode":false,"pivot":{"x":0.646796703338623,"y":1.8011398315429688,"z":-1.5855674743652344},"rotation":{"x":-0.14878281950950623,"y":0.7198354601860046,"z":-0.1627158522605896,"w":-0.6581977009773254},"size":26.76398468017578,"orthographic":false}