{"cameraMode":{"drawMode":0,"name":"Shaded","section":"Shading Mode"},"sceneLighting":false,"audioPlay":false,"sceneViewState":{"showFog":true,"showMaterialUpdate":false,"showSkybox":true,"showFlares":true,"showImageEffects":true,"showParticleSystems":true},"in2DMode":false,"pivot":{"x":0.0,"y":0.3500000238418579,"z":5.960464477539063e-8},"rotation":{"x":-0.23562990128993989,"y":0.17295846343040467,"z":-0.0426577590405941,"w":-0.9553765654563904},"size":2.000518798828125,"orthographic":false}