{"cameraMode":{"drawMode":0,"name":"Shaded","section":"Shading Mode"},"sceneLighting":false,"audioPlay":false,"sceneViewState":{"showFog":true,"showMaterialUpdate":false,"showSkybox":true,"showFlares":true,"showImageEffects":true,"showParticleSystems":true},"in2DMode":false,"pivot":{"x":-0.1150209903717041,"y":-0.14521336555480958,"z":-0.15901684761047364},"rotation":{"x":-0.23562990128993989,"y":0.17295846343040467,"z":-0.0426577590405941,"w":-0.9553765654563904},"size":11.897597312927246,"orthographic":false}