{"cameraMode":{"drawMode":0,"name":"Shaded","section":"Shading Mode"},"sceneLighting":false,"audioPlay":false,"sceneViewState":{"showFog":true,"showMaterialUpdate":false,"showSkybox":true,"showFlares":true,"showImageEffects":true,"showParticleSystems":true},"in2DMode":false,"pivot":{"x":-0.11543166637420654,"y":0.22501468658447267,"z":-0.10834628343582154},"rotation":{"x":-0.23562990128993989,"y":0.17295846343040467,"z":-0.0426577590405941,"w":-0.9553765654563904},"size":5.182638168334961,"orthographic":false}