{"cameraMode":{"drawMode":0,"name":"Shaded","section":"Shading Mode"},"sceneLighting":true,"audioPlay":false,"sceneViewState":{"showFog":false,"showMaterialUpdate":false,"showSkybox":false,"showFlares":false,"showImageEffects":false,"showParticleSystems":false},"in2DMode":false,"pivot":{"x":136.6916961669922,"y":-7.108573913574219,"z":144.56512451171876},"rotation":{"x":0.2024957537651062,"y":-0.09561832249164581,"z":0.01985040307044983,"w":0.9744016528129578},"size":291.1999206542969,"orthographic":false}