{"cameraMode":{"drawMode":0,"name":"Shaded","section":"Shading Mode"},"sceneLighting":false,"audioPlay":false,"sceneViewState":{"showFog":true,"showMaterialUpdate":false,"showSkybox":true,"showFlares":true,"showImageEffects":true,"showParticleSystems":true},"in2DMode":false,"pivot":{"x":98.0,"y":0.6000000238418579,"z":91.80000305175781},"rotation":{"x":-0.0269964337348938,"y":0.943114161491394,"z":-0.32178643345832827,"w":-0.07912325859069824},"size":3.0602939128875734,"orthographic":false}