{"cameraMode":{"drawMode":0,"name":"Shaded","section":"Shading Mode"},"sceneLighting":false,"audioPlay":false,"sceneViewState":{"showFog":true,"showMaterialUpdate":false,"showSkybox":true,"showFlares":true,"showImageEffects":true,"showParticleSystems":true},"in2DMode":false,"pivot":{"x":-0.7737216949462891,"y":-0.8730535507202148,"z":0.7856845855712891},"rotation":{"x":-0.05882389098405838,"y":0.9293584823608398,"z":-0.1694122701883316,"w":-0.3226950168609619},"size":11.531536102294922,"orthographic":false}