{"cameraMode":{"drawMode":0,"name":"Shaded","section":"Shading Mode"},"sceneLighting":true,"audioPlay":false,"sceneViewState":{"showFog":true,"showMaterialUpdate":false,"showSkybox":true,"showFlares":true,"showImageEffects":true,"showParticleSystems":true},"in2DMode":false,"pivot":{"x":-6.402642250061035,"y":1.5736415386199952,"z":4.225897789001465},"rotation":{"x":-0.09822139889001847,"y":0.7770025730133057,"z":-0.1253112554550171,"w":-0.6090292930603027},"size":18.87444305419922,"orthographic":false}