{"cameraMode":{"drawMode":0,"name":"Shaded","section":"Shading Mode"},"sceneLighting":false,"audioPlay":false,"sceneViewState":{"showFog":true,"showMaterialUpdate":false,"showSkybox":true,"showFlares":true,"showImageEffects":true,"showParticleSystems":true},"in2DMode":false,"pivot":{"x":179.3651123046875,"y":128.4669189453125,"z":5.723494529724121},"rotation":{"x":-0.23761597275733949,"y":-0.026222940534353257,"z":0.00641719251871109,"w":-0.9709839820861816},"size":742.970703125,"orthographic":false}