{"cameraMode":{"drawMode":0,"name":"Shaded","section":"Shading Mode"},"sceneLighting":false,"audioPlay":false,"sceneViewState":{"showFog":false,"showMaterialUpdate":false,"showSkybox":false,"showFlares":false,"showImageEffects":false,"showParticleSystems":false},"in2DMode":false,"pivot":{"x":-0.35852837562561037,"y":1.9303823709487916,"z":0.27245521545410159},"rotation":{"x":-0.22681444883346559,"y":0.46918362379074099,"z":-0.1260676234960556,"w":-0.8441142439842224},"size":13.723376274108887,"orthographic":false}