{"cameraMode":{"drawMode":0,"name":"Shaded","section":"Shading Mode"},"sceneLighting":false,"audioPlay":false,"sceneViewState":{"showFog":true,"showMaterialUpdate":false,"showSkybox":true,"showFlares":true,"showImageEffects":true,"showParticleSystems":true},"in2DMode":false,"pivot":{"x":4.214254379272461,"y":-6.618640899658203,"z":1.4909019470214844},"rotation":{"x":-0.19554658234119416,"y":0.6931101679801941,"z":-0.20442694425582887,"w":-0.6630004048347473},"size":29.079063415527345,"orthographic":false}