{"cameraMode":{"drawMode":0,"name":"Shaded","section":"Shading Mode"},"sceneLighting":false,"audioPlay":false,"sceneViewState":{"showFog":false,"showMaterialUpdate":false,"showSkybox":false,"showFlares":false,"showImageEffects":false,"showParticleSystems":false},"in2DMode":false,"pivot":{"x":0.6053986549377441,"y":4.040862560272217,"z":1.0939984321594239},"rotation":{"x":-0.22681444883346559,"y":0.46918362379074099,"z":-0.1260676234960556,"w":-0.8441142439842224},"size":26.699234008789064,"orthographic":false}