{"cameraMode":{"drawMode":0,"name":"Shaded","section":"Shading Mode"},"sceneLighting":false,"audioPlay":false,"sceneViewState":{"showFog":true,"showMaterialUpdate":false,"showSkybox":true,"showFlares":true,"showImageEffects":true,"showParticleSystems":true},"in2DMode":false,"pivot":{"x":-0.7799999713897705,"y":1.0799999237060547,"z":12.960000038146973},"rotation":{"x":-0.2271147072315216,"y":0.6615377068519592,"z":-0.22106437385082246,"w":-0.6796450614929199},"size":4.041658401489258,"orthographic":false}