{"cameraMode":{"drawMode":0,"name":"Shaded","section":"Shading Mode"},"sceneLighting":false,"audioPlay":false,"sceneViewState":{"showFog":false,"showMaterialUpdate":false,"showSkybox":false,"showFlares":false,"showImageEffects":false,"showParticleSystems":false},"in2DMode":false,"pivot":{"x":0.09541916847229004,"y":1.0706433057785035,"z":-0.0350874662399292},"rotation":{"x":-0.22681444883346559,"y":0.46918362379074099,"z":-0.1260676234960556,"w":-0.8441142439842224},"size":5.71915864944458,"orthographic":false}