{"cameraMode":{"drawMode":0,"name":"Shaded","section":"Shading Mode"},"sceneLighting":false,"audioPlay":false,"sceneViewState":{"showFog":false,"showMaterialUpdate":false,"showSkybox":false,"showFlares":false,"showImageEffects":false,"showParticleSystems":false},"in2DMode":false,"pivot":{"x":200.33641052246095,"y":-51.212432861328128,"z":602.9179077148438},"rotation":{"x":-0.14929907023906709,"y":-0.042384788393974307,"z":0.006400156766176224,"w":-0.9878625273704529},"size":1146.967041015625,"orthographic":false}
