{"cameraMode":{"drawMode":0,"name":"Shaded","section":"Shading Mode"},"sceneLighting":false,"audioPlay":false,"sceneViewState":{"showFog":false,"showMaterialUpdate":false,"showSkybox":false,"showFlares":false,"showImageEffects":false,"showParticleSystems":false},"in2DMode":false,"pivot":{"x":-0.1488332748413086,"y":1.480797290802002,"z":0.17030155658721925},"rotation":{"x":-0.09131376445293427,"y":-0.03553548827767372,"z":0.0032627973705530168,"w":-0.9951826333999634},"size":23.568504333496095,"orthographic":false}