{"cameraMode":{"drawMode":0,"name":"Shaded","section":"Shading Mode"},"sceneLighting":true,"audioPlay":false,"sceneViewState":{"showFog":true,"showMaterialUpdate":false,"showSkybox":true,"showFlares":true,"showImageEffects":true,"showParticleSystems":true},"in2DMode":false,"pivot":{"x":344.8651123046875,"y":151.4669189453125,"z":4.4484944343566898},"rotation":{"x":-0.025493990629911424,"y":0.01589241810142994,"z":-0.00040525419171899557,"w":-0.999548614025116},"size":1257.154296875,"orthographic":false}