{"cameraMode":{"drawMode":0,"name":"Shaded","section":"Shading Mode"},"sceneLighting":false,"audioPlay":false,"sceneViewState":{"showFog":true,"showMaterialUpdate":false,"showSkybox":true,"showFlares":true,"showImageEffects":true,"showParticleSystems":true},"in2DMode":false,"pivot":{"x":0.0,"y":-0.9341349601745606,"z":-0.6740139126777649},"rotation":{"x":0.11560012400150299,"y":0.7776812314987183,"z":-0.14996707439422608,"w":0.5994651913642883},"size":8.188509941101075,"orthographic":false}