{"cameraMode":{"drawMode":0,"name":"Shaded","section":"Shading Mode"},"sceneLighting":true,"audioPlay":false,"sceneViewState":{"showFog":true,"showMaterialUpdate":false,"showSkybox":true,"showFlares":true,"showImageEffects":true,"showParticleSystems":true},"in2DMode":false,"pivot":{"x":520.1543579101563,"y":-376.21002197265627,"z":-250.12783813476563},"rotation":{"x":0.14773325622081757,"y":0.8225274085998535,"z":-0.24797165393829347,"w":0.49003440141677859},"size":796.0757446289063,"orthographic":false}