{"cameraMode":{"drawMode":0,"name":"Shaded","section":"Shading Mode"},"sceneLighting":false,"audioPlay":false,"sceneViewState":{"showFog":true,"showMaterialUpdate":false,"showSkybox":true,"showFlares":true,"showImageEffects":true,"showParticleSystems":true},"in2DMode":false,"pivot":{"x":0.146484375,"y":3.365478515625,"z":-0.302734375},"rotation":{"x":-0.009717794135212899,"y":0.9753875732421875,"z":-0.043922603130340579,"w":-0.21585960686206819},"size":13.354619026184082,"orthographic":true}