{"cameraMode":{"drawMode":0,"name":"Shaded","section":"Shading Mode"},"sceneLighting":false,"audioPlay":false,"sceneViewState":{"showFog":true,"showMaterialUpdate":false,"showSkybox":true,"showFlares":true,"showImageEffects":true,"showParticleSystems":true},"in2DMode":false,"pivot":{"x":-0.018230438232421876,"y":2.4560649394989015,"z":0.1082303524017334},"rotation":{"x":-0.009717794135212899,"y":0.9753875732421875,"z":-0.043922603130340579,"w":-0.21585960686206819},"size":13.671577453613282,"orthographic":true}